time,x-acceleration,y-acceleration,z-acceleration,output
0,0,0,0,drum
0.02,0.762,0.284,0.556,drum
0.04,0.769,0.281,0.569,drum
0.06,0.774,0.274,0.579,drum
0.08,0.766,0.276,0.584,drum
0.1,0.756,0.28,0.579,drum
0.12,0.747,0.277,0.575,drum
0.14,0.751,0.276,0.583,drum
0.16,0.772,0.27,0.587,drum
0.18,0.764,0.266,0.585,drum
0.2,0.763,0.273,0.583,drum
0.22,0.765,0.275,0.575,drum
0.24,0.765,0.278,0.575,drum
0.26,0.759,0.283,0.576,drum
0.28,0.766,0.289,0.572,drum
0.3,0.782,0.299,0.577,drum
0.32,0.789,0.291,0.587,drum
0.34,0.759,0.289,0.591,drum
0.36,0.737,0.294,0.583,drum
0.38,0.758,0.288,0.576,drum
0.4,0.784,0.287,0.586,drum
0.42,0.794,0.29,0.608,drum
0.44,0.787,0.299,0.618,drum
0.46,0.774,0.305,0.617,drum
0.48,0.754,0.305,0.599,drum
0.5,0.764,0.305,0.581,drum
0.52,0.765,0.306,0.586,drum
0.54,0.736,0.298,0.633,drum
0.56,0.711,0.277,0.683,drum
0.58,0.756,0.265,0.685,drum
0.6,0.809,0.258,0.649,drum
0.62,0.795,0.264,0.592,drum
0.64,0.77,0.286,0.557,drum
0.66,0.754,0.297,0.57,drum
0.68,0.722,0.297,0.659,drum
0.7,0.693,0.264,0.811,drum
0.72,0.733,0.215,0.862,drum
0.74,0.814,0.184,0.839,drum
0.76,1.096,0.131,0.896,drum
0.78,1.129,0.079,1.062,drum
0.8,0.861,0.128,1.143,drum
0.82,0.942,0.134,1.101,drum
0.84,0.958,0.113,1.085,drum
0.86,0.736,0.194,0.958,drum
0.88,0.766,0.259,0.767,drum
0.9,0.863,0.211,0.556,drum
0.92,0.764,0.183,0.365,drum
0.94,0.675,0.184,0.285,drum
0.96,0.626,0.172,0.218,drum
0.98,0.498,0.128,0.162,drum
1,0.469,0.087,0.101,drum
1.02,0.44,0.052,0.063,drum
1.04,0.423,0.057,0.09,drum
1.06,0.406,0.025,0.108,drum
1.08,0.419,0.024,0.162,drum
1.1,0.573,0.081,0.284,drum
1.12,0.636,0.117,0.424,drum
1.14,0.673,0.139,0.652,drum
1.16,0.89,0.089,0.776,drum
1.18,1.228,0.029,0.937,drum
1.2,1.371,0.031,1.219,drum
1.22,0.918,-0.155,0.636,drum
1.24,0.226,0.156,0.08,drum
1.26,0.336,0.613,-0.114,drum
1.28,0.47,0.758,0.884,drum
1.3,2,0.277,1.96,drum
1.32,1.007,-0.453,1.025,drum
1.34,-0.052,0.385,0.354,drum
1.36,0.718,0.432,0.36,drum
1.38,0.935,0.081,0.316,drum
1.4,0.8,0.229,0.324,drum
1.42,0.785,0.249,0.49,drum
1.44,0.718,0.19,0.497,drum
1.46,0.735,0.215,0.495,drum
1.48,0.812,0.198,0.535,drum
1.5,0.771,0.249,0.562,drum
1.52,0.668,0.273,0.538,drum
1.54,0.612,0.252,0.517,drum
1.56,0.635,0.197,0.549,drum
1.58,0.694,0.175,0.578,drum
1.6,0.753,0.194,0.593,drum
1.62,0.787,0.252,0.607,drum
1.64,0.811,0.274,0.595,drum
1.66,0.897,0.267,0.631,drum
1.68,0.898,0.275,0.623,drum
1.7,0.932,0.302,0.68,drum
1.72,1.062,0.304,0.816,drum
1.74,1.025,0.288,0.806,drum
1.76,0.949,0.259,0.715,drum
1.78,0.968,0.192,0.741,drum
1.8,0.96,0.151,0.752,drum
1.82,0.917,0.145,0.711,drum
1.84,0.964,0.082,0.54,drum
1.86,0.94,0.019,0.465,drum
1.88,0.709,0.031,0.434,drum
1.9,0.581,0.047,0.357,drum
1.92,0.568,0.007,0.293,drum
1.94,0.546,-0.017,0.194,drum
1.96,0.501,-0.042,0.162,drum
1.98,0.527,-0.058,0.239,drum
2,0.509,-0.056,0.3,drum
2.02,0.549,-0.045,0.301,drum
2.04,0.644,0.015,0.309,drum
2.06,0.659,0.045,0.41,drum
2.08,0.792,0.039,0.609,drum
2.1,1.092,-0.026,0.825,drum
2.12,1.279,-0.053,0.863,drum
2.14,1.063,-0.067,0.662,drum
2.16,0.651,-0.053,0.258,drum
2.18,0.718,0.408,0.556,drum
2.2,-0.506,0.468,0.117,drum
2.22,0.537,0.775,1.232,drum
2.24,2,-0.165,1.9,drum
2.26,0.95,-0.292,0.777,drum
2.28,-0.16,0.42,0.229,drum
2.3,0.559,0.426,0.403,drum
2.32,0.915,0.086,0.459,drum
2.34,0.766,0.219,0.41,drum
2.36,0.74,0.26,0.605,drum
2.38,0.737,0.199,0.647,drum
2.4,0.745,0.218,0.643,drum
2.42,0.795,0.21,0.661,drum
2.44,0.744,0.237,0.631,drum
2.46,0.743,0.254,0.604,drum
2.48,0.724,0.234,0.57,drum
2.5,0.724,0.2,0.57,drum
2.52,0.744,0.167,0.613,drum
2.54,0.73,0.163,0.615,drum
2.56,0.723,0.18,0.596,drum
2.58,0.761,0.17,0.618,drum
2.6,0.82,0.164,0.641,drum
2.62,0.806,0.15,0.61,drum
2.64,0.831,0.164,0.598,drum
2.66,0.829,0.218,0.685,drum
2.68,0.855,0.216,0.777,drum
2.7,0.981,0.175,0.766,drum
2.72,1.098,0.156,0.807,drum
2.74,1.067,0.166,0.792,drum
2.76,0.929,0.201,0.654,drum
2.78,0.806,0.196,0.554,drum
2.8,0.843,0.135,0.45,drum
2.82,0.776,0.115,0.426,drum
2.84,0.749,0.085,0.418,drum
2.86,0.778,0.031,0.391,drum
2.88,0.726,-0.004,0.348,drum
2.9,0.728,-0.019,0.311,drum
2.92,0.739,-0.036,0.306,drum
2.94,0.73,-0.046,0.339,drum
2.96,0.701,-0.061,0.365,drum
2.98,0.654,-0.063,0.385,drum
3,0.647,-0.052,0.396,drum
3.02,0.688,-0.044,0.385,drum
3.04,0.735,-0.009,0.424,drum
3.06,0.836,0.028,0.533,drum
3.08,0.816,0.019,0.618,drum
3.1,0.835,0.041,0.746,drum
3.12,1.026,0.023,0.816,drum
3.14,1.064,0.065,0.867,drum
3.16,0.832,0.052,0.676,drum
3.18,1.043,0.173,0.339,drum
3.2,1.16,0.574,0.863,drum
3.22,0.126,0.066,0.18,drum
3.24,0.25,0.504,0.521,drum
3.26,2,-0.019,1.487,drum
3.28,1.155,-0.312,0.963,drum
3.3,0.087,0.217,0.388,drum
3.32,0.462,0.31,0.369,drum
3.34,0.712,0.063,0.336,drum
3.36,0.761,0.153,0.351,drum
3.38,0.807,0.175,0.474,drum
3.4,0.814,0.163,0.566,drum
3.42,0.845,0.204,0.616,drum
3.44,0.872,0.186,0.629,drum
3.46,0.877,0.199,0.591,drum
3.48,0.854,0.215,0.533,drum
3.5,0.803,0.205,0.505,drum
3.52,0.774,0.184,0.518,drum
3.54,0.768,0.167,0.54,drum
3.56,0.739,0.168,0.544,drum
3.58,0.718,0.171,0.534,drum
3.6,0.733,0.152,0.559,drum
3.62,0.656,0.138,0.509,drum
3.64,0.639,0.141,0.365,drum
3.66,0.918,0.144,0.434,drum
3.68,0.992,0.147,0.64,drum
3.7,0.745,0.238,0.741,drum
3.72,0.935,0.286,0.835,drum
3.74,1.132,0.235,0.857,drum
3.76,1.107,0.184,0.836,drum
3.78,1.024,0.179,0.848,drum
3.8,1.011,0.187,0.832,drum
3.82,0.95,0.154,0.735,drum
3.84,0.96,0.111,0.629,drum
3.86,0.925,0.081,0.534,drum
3.88,0.816,0.083,0.461,drum
3.9,0.757,0.077,0.464,drum
3.92,0.693,0.029,0.444,drum
3.94,0.638,0.002,0.382,drum
3.96,0.649,-0.035,0.367,drum
3.98,0.632,-0.081,0.355,drum
4,0.621,-0.113,0.339,drum
4.02,0.626,-0.128,0.348,drum
4.04,0.59,-0.129,0.372,drum
4.06,0.55,-0.128,0.396,drum
4.08,0.558,-0.114,0.437,drum
4.1,0.62,-0.083,0.468,drum
4.12,0.649,-0.043,0.481,drum
4.14,0.668,-0.039,0.521,drum
4.16,0.791,0.011,0.655,drum
4.18,1.102,0.032,0.937,drum
4.2,1.155,0.024,1.037,drum
4.22,0.698,-0.117,0.618,drum
4.24,0.524,0.095,0.266,drum
4.26,0.709,0.606,0.375,drum
4.28,0.048,0.527,0.246,drum
4.3,1.8,0.465,1.555,drum
4.32,1.895,-0.415,1.57,drum
4.34,0.059,-0.011,0.471,drum
4.36,-0.112,0.413,0.123,drum
4.38,0.845,0.259,0.317,drum
4.4,1.056,0.073,0.449,drum
4.42,0.784,0.243,0.463,drum
4.44,0.747,0.256,0.567,drum
4.46,0.769,0.219,0.593,drum
4.48,0.875,0.2,0.574,drum
4.5,0.91,0.186,0.58,drum
4.52,0.822,0.212,0.571,drum
4.54,0.761,0.243,0.526,drum
4.56,0.755,0.236,0.518,drum
4.58,0.754,0.211,0.543,drum
4.6,0.773,0.197,0.571,drum
4.62,0.752,0.203,0.559,drum
4.64,0.764,0.211,0.522,drum
4.66,0.885,0.209,0.527,drum
4.68,0.937,0.205,0.551,drum
4.7,0.908,0.202,0.576,drum
4.72,0.839,0.206,0.56,drum
4.74,0.805,0.212,0.553,drum
4.76,0.93,0.202,0.602,drum
4.78,1.07,0.155,0.728,drum
4.8,1.049,0.117,0.779,drum
4.82,0.989,0.12,0.806,drum
4.84,0.98,0.147,0.74,drum
4.86,0.947,0.108,0.619,drum
4.88,0.807,0.065,0.415,drum
4.9,0.613,0.043,0.302,drum
4.92,0.697,0.011,0.295,drum
4.94,0.765,-0.003,0.306,drum
4.96,0.766,0,0.327,drum
4.98,0.732,-0.07,0.286,drum
5,0.687,-0.074,0.293,drum
5.02,0.713,-0.105,0.321,drum
5.04,0.725,-0.121,0.355,drum
5.06,0.709,-0.135,0.374,drum
5.08,0.766,-0.147,0.39,drum
5.1,0.813,-0.099,0.416,drum
5.12,0.769,-0.046,0.392,drum
5.14,0.665,0.072,0.438,drum
5.16,0.651,0.137,0.678,drum
5.18,0.741,0.128,0.75,drum
5.2,0.877,0.196,0.624,drum
5.22,1.106,0.286,0.711,drum
5.24,1.319,0.385,1.191,drum
5.26,1.206,0.182,1.258,drum
5.28,0.182,0.095,0.315,drum
5.3,0.636,0.605,0.11,drum
5.32,0.611,0.484,-0.101,drum
5.34,1.605,0.54,1.095,drum
5.36,1.805,-0.181,1.512,drum
5.38,0.438,0.051,0.775,drum
5.4,0.488,0.332,0.549,drum
5.42,0.791,0.111,0.374,drum
5.44,0.789,0.079,0.219,drum
5.46,0.832,0.184,0.334,drum
5.48,0.705,0.128,0.459,drum
5.5,0.598,0.181,0.505,drum
5.52,0.701,0.163,0.564,drum
5.54,0.802,0.142,0.579,drum
5.56,0.827,0.169,0.549,drum
5.58,0.783,0.175,0.494,drum
5.6,0.753,0.178,0.47,drum
5.62,0.775,0.15,0.503,drum
5.64,0.809,0.127,0.548,drum
5.66,0.743,0.129,0.572,drum
5.68,0.668,0.145,0.502,drum
5.7,0.81,0.15,0.534,drum
5.72,0.928,0.109,0.605,drum
5.74,0.943,0.136,0.624,drum
5.76,0.959,0.141,0.642,drum
5.78,1.121,0.089,0.766,drum
5.8,1.026,0.085,0.806,drum
5.82,0.866,0.137,0.725,drum
5.84,0.919,0.13,0.608,drum
5.86,0.908,0.083,0.507,drum
5.88,0.796,0.064,0.426,drum
5.9,0.786,0.06,0.404,drum
5.92,0.836,0.02,0.407,drum
5.94,0.829,0.004,0.434,drum
5.96,0.821,-0.015,0.411,drum
5.98,0.83,-0.023,0.36,drum
6,0.804,-0.021,0.406,drum
6.02,0.75,-0.013,0.457,drum
6.04,0.739,-0.003,0.482,drum
6.06,0.73,-0.012,0.492,drum
6.08,0.679,-0.02,0.495,drum
6.1,0.648,-0.03,0.507,drum
6.12,0.658,-0.019,0.535,drum
6.14,0.656,-0.01,0.563,drum
6.16,0.692,0.03,0.574,drum
6.18,0.774,0.024,0.622,drum
6.2,0.836,0.001,0.64,drum
6.22,1.04,0.02,0.725,drum
6.24,1.058,-0.033,0.674,drum
6.26,0.755,-0.045,0.338,drum
6.28,0.814,0.299,0.173,drum
6.3,0.828,0.582,0.53,drum
6.32,0.024,0.222,0.617,drum
6.34,1.385,0.277,1.031,drum
6.36,2,-0.101,1.093,drum
6.38,0.962,-0.024,0.526,drum
6.4,0.406,0.212,0.314,drum
6.42,0.58,0.196,0.414,drum
6.44,0.669,0.12,0.399,drum
6.46,0.691,0.147,0.362,drum
6.48,0.82,0.129,0.436,drum
6.5,0.921,0.138,0.492,drum
6.52,0.923,0.146,0.539,drum
6.54,0.895,0.134,0.566,drum
6.56,0.843,0.143,0.525,drum
6.58,0.816,0.151,0.496,drum
6.6,0.823,0.128,0.529,drum
6.62,0.835,0.105,0.562,drum
6.64,0.85,0.107,0.539,drum
6.66,0.86,0.13,0.534,drum
6.68,0.843,0.155,0.564,drum
6.7,0.801,0.18,0.541,drum
6.72,0.863,0.193,0.55,drum
6.74,1.08,0.156,0.71,drum
6.76,1.016,0.12,0.782,drum
6.78,0.912,0.141,0.73,drum
6.8,1.041,0.131,0.7,drum
6.82,0.967,0.084,0.589,drum
6.84,0.905,0.069,0.496,drum
6.86,0.838,0.041,0.435,drum
6.88,0.742,0.02,0.405,drum
6.9,0.813,-0.018,0.436,drum
6.92,0.878,-0.059,0.396,drum
6.94,0.822,-0.067,0.331,drum
6.96,0.778,-0.075,0.354,drum
6.98,0.741,-0.09,0.376,drum
7,0.725,-0.083,0.388,drum
7.02,0.708,-0.086,0.41,drum
7.04,0.701,-0.09,0.442,drum
7.06,0.681,-0.093,0.479,drum
7.08,0.702,-0.104,0.481,drum
7.1,0.734,-0.09,0.433,drum
7.12,0.726,-0.061,0.419,drum
7.14,0.772,-0.033,0.451,drum
7.16,0.824,-0.029,0.514,drum
7.18,0.839,-0.008,0.637,drum
7.2,0.896,-0.018,0.751,drum
7.22,0.966,-0.028,0.804,drum
7.24,0.725,-0.055,0.51,drum
7.26,0.978,0.205,0.343,drum
7.28,0.99,0.461,0.759,drum
7.3,0.147,0.076,0.206,drum
7.32,0.328,0.631,0.562,drum
7.34,1.999,0.092,1.359,drum
7.36,1.655,-0.235,0.959,drum
7.38,0.521,0.155,0.413,drum
7.4,0.444,0.236,0.36,drum
7.42,0.695,0.09,0.405,drum
7.44,0.775,0.127,0.388,drum
7.46,0.757,0.156,0.414,drum
7.48,0.841,0.14,0.5,drum
7.5,0.922,0.143,0.535,drum
7.52,0.916,0.141,0.561,drum
7.54,0.874,0.151,0.567,drum
7.56,0.83,0.16,0.533,drum
7.58,0.785,0.166,0.499,drum
7.6,0.783,0.145,0.516,drum
7.62,0.797,0.133,0.542,drum
7.64,0.805,0.134,0.555,drum
7.66,0.807,0.146,0.536,drum
7.68,0.824,0.139,0.508,drum
7.7,0.793,0.128,0.476,drum
7.72,0.729,0.136,0.517,drum
7.74,0.686,0.164,0.491,drum
7.76,0.771,0.221,0.437,drum
7.78,1.13,0.23,0.492,drum
7.8,1.229,0.155,0.555,drum
7.82,1.09,0.134,0.624,drum
7.84,1.073,0.134,0.563,drum
7.86,1.049,0.127,0.476,drum
7.88,0.983,0.058,0.47,drum
7.9,0.917,0.047,0.453,drum
7.92,0.933,0.041,0.409,drum
7.94,0.881,0.009,0.378,drum
7.96,0.868,-0.001,0.366,drum
7.98,0.886,-0.011,0.365,drum
8,0.898,-0.013,0.357,drum
8.02,0.824,-0.016,0.35,drum
8.04,0.759,-0.009,0.335,drum
8.06,0.788,-0.009,0.351,drum
8.08,0.82,-0.023,0.364,drum
8.1,0.795,-0.019,0.372,drum
8.12,0.743,-0.018,0.375,drum
8.14,0.722,-0.001,0.409,drum
8.16,0.735,0.013,0.469,drum
8.18,0.765,0.011,0.511,drum
8.2,0.83,0.004,0.51,drum
8.22,0.906,0.013,0.575,drum
8.24,0.917,0.007,0.684,drum
8.26,0.978,-0.025,0.737,drum
8.28,0.818,-0.045,0.666,drum
8.3,0.693,0.022,0.463,drum
8.32,0.68,0.294,0.225,drum
8.34,0.504,0.472,0.115,drum
8.36,0.314,0.49,0.313,drum
8.38,1.772,0.197,1.207,drum
8.4,1.918,-0.23,1.192,drum
8.42,0.58,0.053,0.486,drum
8.44,0.284,0.289,0.305,drum
8.46,0.727,0.169,0.435,drum
8.48,0.817,0.121,0.458,drum
8.5,0.754,0.176,0.454,drum
8.52,0.803,0.15,0.499,drum
8.54,0.853,0.156,0.514,drum
8.56,0.911,0.147,0.522,drum
8.58,0.921,0.144,0.524,drum
8.6,0.876,0.165,0.506,drum
8.62,0.818,0.167,0.483,drum
8.64,0.823,0.148,0.505,drum
8.66,0.831,0.137,0.522,drum
8.68,0.83,0.157,0.505,drum
8.7,0.875,0.156,0.509,drum
8.72,0.916,0.141,0.529,drum
8.74,0.924,0.116,0.539,drum
8.76,0.83,0.133,0.508,drum
8.78,0.851,0.151,0.528,drum
8.8,0.939,0.143,0.598,drum
8.82,0.984,0.091,0.63,drum
8.84,1.062,0.09,0.662,drum
8.86,1.003,0.104,0.695,drum
8.88,0.908,0.082,0.628,drum
8.9,0.937,0.052,0.541,drum
8.92,0.976,0.018,0.468,drum
8.94,0.803,0.02,0.413,drum
8.96,0.753,-0.015,0.385,drum
8.98,0.804,-0.033,0.385,drum
9,0.814,-0.037,0.373,drum
9.02,0.785,-0.073,0.316,drum
9.04,0.784,-0.073,0.333,drum
9.06,0.777,-0.082,0.371,drum
9.08,0.735,-0.062,0.381,drum
9.1,0.733,-0.061,0.401,drum
9.12,0.696,-0.075,0.391,drum
9.14,0.661,-0.06,0.385,drum
9.16,0.668,-0.036,0.439,drum
9.18,0.732,-0.021,0.492,drum
9.2,0.849,-0.022,0.523,drum
9.22,0.909,0.008,0.635,drum
9.24,1.057,-0.005,0.823,drum
9.26,0.897,-0.061,0.871,drum
9.28,0.557,-0.132,0.47,drum
9.3,0.675,0.101,0.129,drum
9.32,1.106,0.556,0.448,drum
9.34,0.032,0.202,0.256,drum
9.36,0.838,0.483,1.007,drum
9.38,2,-0.137,1.517,drum
9.4,1.101,-0.129,0.768,drum
9.42,0.351,0.218,0.348,drum
9.44,0.642,0.195,0.355,drum
9.46,0.762,0.12,0.38,drum
9.48,0.73,0.17,0.395,drum
9.5,0.736,0.158,0.409,drum
9.52,0.793,0.178,0.447,drum
9.54,0.934,0.177,0.518,drum
9.56,0.941,0.161,0.584,drum
9.58,0.857,0.181,0.586,drum
9.6,0.799,0.197,0.542,drum
9.62,0.816,0.185,0.53,drum
9.64,0.821,0.161,0.54,drum
9.66,0.814,0.149,0.556,drum
9.68,0.81,0.138,0.553,drum
9.7,0.844,0.128,0.561,drum
9.72,0.891,0.096,0.545,drum
9.74,0.903,0.074,0.527,drum
9.76,0.889,0.077,0.534,drum
9.78,0.885,0.087,0.555,drum
9.8,0.96,0.075,0.57,drum
9.82,0.952,0.085,0.554,drum
9.84,0.944,0.095,0.587,drum
9.86,1.005,0.065,0.636,drum
9.88,0.967,0.051,0.637,drum
9.9,1.015,0.057,0.717,drum
9.92,1.01,0.074,0.717,drum
9.94,0.915,0.096,0.608,drum
9.96,0.844,0.047,0.476,drum
9.98,0.724,0.008,0.361,drum
10,0.741,-0.029,0.308,drum
10.02,0.769,-0.072,0.296,drum
10.04,0.714,-0.098,0.309,drum
10.06,0.733,-0.116,0.316,drum
10.08,0.731,-0.123,0.329,drum
10.1,0.719,-0.15,0.33,drum
10.12,0.705,-0.145,0.35,drum
10.14,0.749,-0.129,0.419,drum
10.16,0.776,-0.113,0.466,drum
10.18,0.798,-0.106,0.51,drum
10.2,0.853,-0.117,0.528,drum
10.22,1.086,-0.116,0.594,drum
10.24,1.122,-0.167,0.616,drum
10.26,0.801,-0.05,0.671,drum
10.28,0.487,-0.053,0.588,drum
10.3,0.587,0.023,0.58,drum
10.32,0.867,0.092,0.673,drum
10.34,0.905,0.104,0.311,drum
10.36,-0.247,0.46,-0.028,drum
10.38,1.082,0.442,0.903,drum
10.4,2,-0.303,1.219,drum
10.42,1.341,-0.083,0.822,drum
10.44,0.551,0.173,0.474,drum
10.46,0.531,0.101,0.361,drum
10.48,0.823,0.147,0.431,drum
10.5,0.854,0.148,0.507,drum
10.52,0.771,0.126,0.489,drum
10.54,0.78,0.152,0.468,drum
10.56,0.911,0.129,0.486,drum
10.58,0.996,0.132,0.528,drum
10.6,0.945,0.138,0.536,drum
10.62,0.857,0.125,0.505,drum
10.64,0.844,0.113,0.49,drum
10.66,0.882,0.106,0.511,drum
10.68,0.876,0.114,0.561,drum
10.7,0.849,0.114,0.566,drum
10.72,0.849,0.119,0.53,drum
10.74,0.891,0.144,0.536,drum
10.76,0.986,0.139,0.574,drum
10.78,0.928,0.127,0.624,drum
10.8,0.757,0.115,0.635,drum
10.82,0.689,0.075,0.591,drum
10.84,0.943,0.055,0.594,drum
10.86,1.155,0.033,0.733,drum
10.88,1,0.01,0.768,drum
10.9,0.771,0.048,0.659,drum
10.92,0.751,0.034,0.523,drum
10.94,0.722,-0.008,0.376,drum
10.96,0.708,-0.029,0.348,drum
10.98,0.772,-0.041,0.429,drum
11,0.776,-0.046,0.426,drum
11.02,0.766,-0.065,0.354,drum
11.04,0.762,-0.102,0.331,drum
11.06,0.716,-0.097,0.361,drum
11.08,0.742,-0.067,0.421,drum
11.1,0.739,-0.07,0.421,drum
11.12,0.713,-0.059,0.429,drum
11.14,0.748,-0.036,0.47,drum
11.16,0.737,-0.035,0.478,drum
11.18,0.739,-0.027,0.505,drum
11.2,0.913,-0.019,0.611,drum
11.22,1.002,-0.006,0.694,drum
11.24,0.944,-0.014,0.627,drum
11.26,0.806,-0.032,0.49,drum
11.28,0.813,0.118,0.389,drum
11.3,0.994,0.371,0.578,drum
11.32,1.456,0.103,0.943,drum
11.34,-0.141,-0.058,-0.23,drum
11.36,0.288,0.708,0.505,drum
11.38,1.872,-0.205,1.231,drum
11.4,1.524,-0.247,0.618,drum
11.42,0.688,0.282,0.404,drum
11.44,0.608,0.123,0.541,drum
11.46,0.587,0.073,0.419,drum
11.48,0.725,0.201,0.423,drum
11.5,0.933,0.097,0.523,drum
11.52,0.983,0.117,0.508,drum
11.54,0.943,0.161,0.496,drum
11.56,0.922,0.131,0.504,drum
11.58,0.874,0.127,0.468,drum
11.6,0.868,0.124,0.434,drum
11.62,0.865,0.102,0.438,drum
11.64,0.831,0.095,0.451,drum
11.66,0.808,0.087,0.474,drum
11.68,0.804,0.091,0.486,drum
11.7,0.836,0.097,0.502,drum
11.72,0.919,0.082,0.514,drum
11.74,0.958,0.078,0.521,drum
11.76,0.911,0.098,0.527,drum
11.78,0.868,0.101,0.485,drum
11.8,0.938,0.06,0.493,drum
11.82,0.932,0.114,0.505,drum
11.84,0.88,0.15,0.487,drum
11.86,1.01,0.16,0.6,drum
11.88,0.969,0.108,0.661,drum
11.9,0.847,0.118,0.559,drum
11.92,0.88,0.104,0.523,drum
11.94,0.829,0.078,0.504,drum
11.96,0.853,0.057,0.495,drum
11.98,0.96,0.024,0.493,drum
12,0.914,-0.009,0.464,drum
12.02,0.733,-0.019,0.401,drum
12.04,0.726,-0.031,0.411,drum
12.06,0.834,-0.03,0.419,drum
12.08,0.813,-0.042,0.398,drum
12.1,0.732,-0.031,0.411,drum
12.12,0.725,-0.039,0.433,drum
12.14,0.699,-0.031,0.443,drum
12.16,0.719,-0.021,0.448,drum
12.18,0.762,-0.023,0.477,drum
12.2,0.829,-0.011,0.505,drum
12.22,0.987,-0.033,0.534,drum
12.24,0.944,-0.04,0.584,drum
12.26,0.776,-0.002,0.651,drum
12.28,0.759,0.009,0.664,drum
12.3,0.888,-0.056,0.487,drum
12.32,0.865,0.014,0.267,drum
12.34,0.669,0.194,0.361,drum
12.36,0.96,0.213,0.668,drum
12.38,0.057,0.178,-0.174,drum
12.4,1.159,0.702,0.39,drum
12.42,2,-0.095,1.387,drum
12.44,1.134,-0.208,0.867,drum
12.46,0.283,0.267,0.347,drum
12.48,0.732,0.206,0.359,drum
12.5,0.989,0.07,0.395,drum
12.52,0.824,0.188,0.43,drum
12.54,0.753,0.184,0.476,drum
12.56,0.817,0.165,0.476,drum
12.58,0.946,0.153,0.477,drum
12.6,0.983,0.137,0.492,drum
12.62,0.911,0.159,0.511,drum
12.64,0.832,0.173,0.513,drum
12.66,0.811,0.166,0.502,drum
12.68,0.825,0.133,0.509,drum
12.7,0.827,0.116,0.498,drum
12.72,0.873,0.107,0.47,drum
12.74,0.913,0.082,0.444,drum
12.76,0.928,0.045,0.423,drum
12.78,0.899,0.077,0.488,drum
12.8,0.786,0.144,0.577,drum
12.82,0.884,0.194,0.644,drum
12.84,0.988,0.173,0.651,drum
12.86,0.995,0.131,0.62,drum
12.88,0.973,0.149,0.653,drum
12.9,0.866,0.134,0.692,drum
12.92,0.797,0.116,0.593,drum
12.94,0.866,0.049,0.458,drum
12.96,0.958,-0.004,0.419,drum
12.98,0.72,0.01,0.42,drum
13,0.739,-0.007,0.411,drum
13.02,0.841,-0.031,0.396,drum
13.04,0.774,-0.059,0.34,drum
13.06,0.759,-0.057,0.334,drum
13.08,0.765,-0.048,0.385,drum
13.1,0.76,-0.029,0.447,drum
13.12,0.743,-0.04,0.484,drum
13.14,0.718,-0.045,0.496,drum
13.16,0.75,-0.05,0.544,drum
13.18,0.778,-0.05,0.547,drum
13.2,0.764,-0.029,0.503,drum
13.22,0.842,-0.023,0.461,drum
13.24,0.87,-0.022,0.516,drum
13.26,0.89,0.017,0.616,drum
13.28,1.008,0.016,0.733,drum
13.3,0.877,-0.022,0.631,drum
13.32,0.664,0.138,0.601,drum
13.34,0.669,0.288,0.506,drum
13.36,0.11,0.435,0.05,drum
13.38,0.853,0.527,0.742,drum
13.4,2,-0.182,1.446,drum
13.42,1.093,-0.218,0.824,drum
13.44,0.086,0.241,0.284,drum
13.46,0.554,0.226,0.289,drum
13.48,0.973,0.068,0.401,drum
13.5,0.859,0.13,0.407,drum
13.52,0.752,0.152,0.467,drum
13.54,0.868,0.129,0.529,drum
13.56,0.959,0.12,0.527,drum
13.58,0.939,0.127,0.538,drum
13.6,0.857,0.151,0.54,drum
13.62,0.788,0.166,0.518,drum
13.64,0.794,0.154,0.5,drum
13.66,0.82,0.129,0.508,drum
13.68,0.826,0.127,0.52,drum
13.7,0.793,0.141,0.513,drum
13.72,0.796,0.142,0.526,drum
13.74,0.859,0.137,0.541,drum
13.76,0.916,0.147,0.53,drum
13.78,0.928,0.127,0.531,drum
13.8,0.853,0.11,0.544,drum
13.82,0.747,0.105,0.541,drum
13.84,0.818,0.122,0.536,drum
13.86,1.033,0.131,0.55,drum
13.88,1.215,0.101,0.603,drum
13.9,1.179,0.047,0.693,drum
13.92,1.022,0.051,0.711,drum
13.94,0.998,0.094,0.647,drum
13.96,0.901,0.092,0.523,drum
13.98,0.795,0.058,0.455,drum
14,0.785,0.012,0.409,drum
14.02,0.775,-0.009,0.352,drum
14.04,0.77,-0.031,0.341,drum
14.06,0.775,-0.043,0.366,drum
14.08,0.747,-0.079,0.331,drum
14.1,0.767,-0.098,0.292,drum
14.12,0.781,-0.105,0.318,drum
14.14,0.772,-0.092,0.376,drum
14.16,0.756,-0.081,0.417,drum
14.18,0.745,-0.086,0.423,drum
14.2,0.764,-0.092,0.43,drum
14.22,0.792,-0.104,0.405,drum
14.24,0.713,-0.109,0.339,drum
14.26,0.717,-0.077,0.353,drum
14.28,0.81,-0.042,0.391,drum
14.3,0.869,-0.029,0.432,drum
14.32,0.94,-0.018,0.557,drum
14.34,0.938,-0.015,0.676,drum
14.36,0.919,-0.049,0.656,drum
14.38,0.734,-0.006,0.472,drum
14.4,0.61,0.361,0.195,drum
14.42,0.546,0.561,0.147,drum
14.44,0.856,0.414,0.567,drum
14.46,2,0.007,1.453,drum
14.48,1.544,-0.217,1.148,drum
14.5,0.23,0.142,0.391,drum
14.52,0.358,0.23,0.195,drum
14.54,0.868,0.133,0.283,drum
14.56,0.96,0.134,0.371,drum
14.58,0.87,0.173,0.444,drum
14.6,0.778,0.175,0.437,drum
14.62,0.844,0.166,0.441,drum
14.64,1.029,0.142,0.473,drum
14.66,1.023,0.138,0.487,drum
14.68,0.907,0.151,0.477,drum
14.7,0.853,0.15,0.481,drum
14.72,0.851,0.132,0.481,drum
14.74,0.867,0.141,0.488,drum
14.76,0.918,0.135,0.535,drum
14.78,0.936,0.121,0.543,drum
14.8,0.904,0.113,0.501,drum
14.82,0.903,0.111,0.521,drum
14.84,0.869,0.098,0.523,drum
14.86,0.847,0.09,0.482,drum
14.88,0.969,0.065,0.571,drum
14.9,1.033,0.047,0.656,drum
14.92,0.983,0.061,0.649,drum
14.94,0.963,0.07,0.579,drum
14.96,0.953,0.031,0.513,drum
14.98,0.86,0.022,0.423,drum
15,0.818,0.006,0.376,drum
15.02,0.816,-0.058,0.359,drum
15.04,0.883,-0.07,0.325,drum
15.06,0.837,-0.066,0.31,drum
15.08,0.738,-0.075,0.286,drum
15.1,0.75,-0.081,0.284,drum
15.12,0.75,-0.086,0.269,drum
15.14,0.715,-0.073,0.281,drum
15.16,0.722,-0.067,0.324,drum
15.18,0.68,-0.071,0.348,drum
15.2,0.662,-0.058,0.378,drum
15.22,0.756,-0.029,0.442,drum
15.24,0.866,-0.005,0.508,drum
15.26,0.932,-0.003,0.595,drum
15.28,0.958,-0.008,0.67,drum
15.3,0.949,-0.024,0.678,drum
15.32,1.004,-0.022,0.636,drum
15.34,0.966,-0.041,0.568,drum
15.36,0.799,0.011,0.497,drum
15.38,0.657,0.243,0.336,drum
15.4,0.332,0.425,-0.036,drum
15.42,0.447,0.59,0.015,drum
15.44,2,0.179,1.266,drum
15.46,1.703,-0.331,1.212,drum
15.48,0.233,0.146,0.417,drum
15.5,0.387,0.33,0.264,drum
15.52,0.98,0.105,0.363,drum
15.54,0.95,0.08,0.296,drum
15.56,0.788,0.174,0.316,drum
15.58,0.828,0.091,0.425,drum
15.6,0.9,0.089,0.429,drum
15.62,0.967,0.099,0.454,drum
15.64,0.945,0.102,0.499,drum
15.66,0.881,0.116,0.486,drum
15.68,0.798,0.14,0.436,drum
15.7,0.824,0.126,0.441,drum
15.72,0.866,0.098,0.463,drum
15.74,0.904,0.084,0.479,drum
15.76,0.924,0.062,0.507,drum
15.78,0.835,0.057,0.547,drum
15.8,0.725,0.114,0.567,drum
15.82,0.881,0.185,0.588,drum
15.84,1.157,0.162,0.591,drum
15.86,1.126,0.15,0.608,drum
15.88,1.025,0.176,0.653,drum
15.9,0.978,0.173,0.582,drum
15.92,1.02,0.139,0.502,drum
15.94,0.992,0.098,0.505,drum
15.96,0.898,0.063,0.505,drum
15.98,0.957,0.015,0.43,drum
16,0.92,-0.011,0.304,drum
16.02,0.811,-0.03,0.254,drum
16.04,0.761,-0.039,0.288,drum
16.06,0.778,-0.035,0.303,drum
16.08,0.767,-0.048,0.271,drum
16.1,0.772,-0.062,0.294,drum
16.12,0.791,-0.058,0.336,drum
16.14,0.801,-0.056,0.367,drum
16.16,0.802,-0.064,0.394,drum
16.18,0.756,-0.069,0.402,drum
16.2,0.664,-0.071,0.37,drum
16.22,0.688,-0.043,0.395,drum
16.24,0.758,-0.014,0.47,drum
16.26,0.797,0.008,0.457,drum
16.28,0.913,0.043,0.492,drum
16.3,0.938,0.023,0.642,drum
16.32,0.954,0.014,0.778,drum
16.34,1.006,0.004,0.689,drum
16.36,0.549,-0.042,0.317,drum
16.38,0.85,0.244,0.768,drum
16.4,0.94,-0.001,0.117,drum
16.42,-0.63,0.448,-0.493,drum
16.44,1.866,0.882,1.418,drum
16.46,1.922,-0.72,1.594,drum
16.48,0.236,0.053,0.538,drum
16.5,0.553,0.379,0.472,drum
16.52,0.965,0.018,0.564,drum
16.54,0.648,0.129,0.417,drum
16.56,0.575,0.257,0.418,drum
16.58,0.805,0.172,0.555,drum
16.6,0.901,0.204,0.581,drum
16.62,0.93,0.223,0.611,drum
16.64,0.887,0.204,0.644,drum
16.66,0.838,0.199,0.619,drum
16.68,0.845,0.204,0.568,drum
16.7,0.844,0.188,0.526,drum
16.72,0.847,0.169,0.533,drum
16.74,0.849,0.161,0.567,drum
16.76,0.787,0.167,0.544,drum
16.78,0.788,0.193,0.526,drum
16.8,0.761,0.177,0.442,drum
16.82,0.84,0.224,0.408,drum
16.84,0.959,0.172,0.509,drum
16.86,0.788,0.146,0.547,drum
16.88,0.785,0.165,0.519,drum
16.9,0.819,0.148,0.424,drum
16.92,0.938,0.163,0.475,drum
16.94,0.963,0.161,0.586,drum
16.96,0.847,0.155,0.606,drum
16.98,0.838,0.146,0.564,drum
17,0.818,0.134,0.416,drum
17.02,0.724,0.144,0.325,drum
17.04,0.898,0.128,0.431,drum
17.06,0.964,0.092,0.485,drum
17.08,0.831,0.094,0.431,drum
17.1,0.831,0.111,0.415,drum
17.12,0.858,0.098,0.429,drum
17.14,0.857,0.097,0.428,drum
17.16,0.916,0.097,0.458,drum
17.18,0.917,0.096,0.487,drum
17.2,0.866,0.096,0.473,drum
17.22,0.876,0.083,0.46,drum
17.24,0.905,0.083,0.475,drum
17.26,0.911,0.083,0.474,drum
17.28,0.895,0.077,0.461,drum
17.3,0.874,0.068,0.458,drum
17.32,0.876,0.079,0.454,drum
17.34,0.896,0.093,0.474,drum
17.36,0.904,0.095,0.481,drum
17.38,0.894,0.095,0.477,drum
17.4,0.888,0.089,0.489,drum
17.42,0.881,0.1,0.487,drum
17.44,0.876,0.104,0.473,drum
17.46,0.908,0.106,0.471,drum
17.48,0.927,0.097,0.478,drum
17.5,0.907,0.097,0.466,drum
17.52,0.894,0.094,0.471,drum
17.54,0.881,0.08,0.477,drum
17.56,0.876,0.062,0.47,drum
17.58,0.869,0.035,0.461,drum
17.6,0.876,0.016,0.459,drum
17.62,0.872,0.016,0.455,drum
17.64,0.864,0.025,0.46,drum
17.66,0.889,0.02,0.475,drum
17.68,0.883,0.019,0.465,drum
17.7,0.878,0.01,0.463,drum
17.72,0.876,-0.004,0.45,drum
17.74,0.875,-0.002,0.447,drum
17.76,0.866,0.034,0.448,drum
17.78,0.877,0.065,0.446,drum
17.8,0.874,0.061,0.459,drum
17.82,0.841,0.079,0.457,drum
17.84,0.833,0.098,0.456,drum
17.86,0.84,0.097,0.445,drum
17.88,0.862,0.083,0.439,drum
17.9,0.871,0.056,0.462,drum
17.92,0.86,0.06,0.472,drum
17.94,0.878,0.077,0.444,drum
17.96,0.896,0.087,0.424,drum
17.98,0.891,0.081,0.442,drum
18,0.9,0.079,0.459,drum
18.02,0.904,0.074,0.479,drum
18.04,0.88,0.1,0.49,drum
18.06,0.852,0.123,0.441,drum
18.08,0.902,0.142,0.467,drum
18.1,0.892,0.124,0.5,drum
18.12,0.902,0.116,0.504,drum
18.14,0.972,0.129,0.555,drum
18.16,0.873,0.117,0.511,drum
18.18,0.856,0.114,0.504,drum
18.2,0.853,0.078,0.497,drum
18.22,0.868,0.087,0.493,drum
18.24,0.817,0.105,0.499,drum
18.26,0.857,0.112,0.515,drum
18.28,0.972,0.054,0.487,drum
18.3,0.868,0.031,0.434,drum
18.32,0.847,0.067,0.481,drum
18.34,0.881,0.047,0.504,drum
18.36,0.892,0.042,0.453,drum
18.38,0.915,0.054,0.462,drum
18.4,0.846,0.063,0.511,drum
18.42,0.838,0.08,0.539,drum
18.44,0.861,0.098,0.543,drum
18.46,0.871,0.093,0.514,drum
18.48,0.878,0.081,0.481,drum
18.5,0.892,0.079,0.472,drum
18.52,0.867,0.078,0.457,drum
18.54,0.858,0.117,0.513,drum
18.56,0.835,0.083,0.554,drum
18.58,0.808,0.076,0.528,drum
18.6,0.833,0.091,0.525,drum
18.62,0.862,0.076,0.505,drum
18.64,0.873,0.074,0.488,drum
18.66,0.889,0.061,0.496,drum
18.68,0.896,0.061,0.522,drum
18.7,0.855,0.06,0.534,drum
18.72,0.863,0.045,0.534,drum
18.74,0.895,0.059,0.533,drum
18.76,0.891,0.047,0.472,drum
18.78,0.841,0.044,0.433,drum
18.8,0.828,0.078,0.47,drum
18.82,0.875,0.098,0.494,drum
18.84,0.926,0.058,0.47,drum
18.86,0.905,0.036,0.456,drum
18.88,0.872,0.045,0.483,drum
18.9,0.863,0.028,0.42,drum
18.92,0.824,0.059,0.451,drum
18.94,0.856,0.056,0.471,drum
18.96,0.806,0.066,0.462,drum
18.98,0.854,0.077,0.512,drum
19,0.895,0.064,0.537,drum
